{"segments": 64, "data": [0.369319, 0.620282, 0.521065, 0.295727, 0.498033, 0.504605, 0.62106, 0.559622, 0.570148, 0.720443, 0.50934, 0.643839, 0.552543, 0.6369, 0.750609, 0.626093, 0.692732, 0.671643, 0.616299, 0.683858, 0.758109, 0.637067, 0.849957, 0.684288, 0.750784, 0.624459, 0.689575, 0.714375, 0.696171, 0.386211, 1.0, 0.818746, 0.874376, 0.725099, 0.691562, 0.714193, 0.830537, 0.934962, 0.854303, 0.81335, 0.693295, 0.673065, 0.789886, 0.730867, 0.722184, 0.91398, 0.560321, 0.808265, 0.724387, 0.640835, 0.464983, 0.5299, 0.577317, 0.58647, 0.39337, 0.466984, 0.193051, 0.251687, 0.311284, 0.269323, 0.285541, 0.134101, 0.010863, 0.001989]}