{"segments": 64, "data": [0.13516, 0.363006, 0.563717, 0.441964, 0.453688, 0.485575, 0.751229, 0.796646, 0.721645, 0.710791, 0.862939, 0.621673, 0.859509, 0.720133, 0.708259, 0.72909, 0.726767, 0.827413, 1.0, 0.594691, 0.757853, 0.791047, 0.734231, 0.719916, 0.549483, 0.825069, 0.713106, 0.540821, 0.580474, 0.643409, 0.795632, 0.639903, 0.756784, 0.672446, 0.620965, 0.732332, 0.725321, 0.652021, 0.790186, 0.620559, 0.797029, 0.714936, 0.656757, 0.708223, 0.720153, 0.689802, 0.941743, 0.558502, 0.677584, 0.641678, 0.728368, 0.680813, 0.486652, 0.707771, 0.678725, 0.574121, 0.596389, 0.627272, 0.732677, 0.625035, 0.601872, 0.580142, 0.186283, 0.003506]}