{"segments": 64, "data": [0.083155, 0.126583, 0.109522, 0.099289, 0.09184, 0.085819, 0.171851, 0.18248, 0.1767, 0.347418, 0.360814, 0.390112, 0.448356, 0.360586, 0.348409, 0.410126, 0.434054, 0.375524, 0.425187, 1.0, 0.774337, 0.715002, 0.616635, 0.51424, 0.801763, 0.893471, 0.705972, 0.439404, 0.369824, 0.470219, 0.397422, 0.645869, 0.58248, 0.620532, 0.51311, 0.582906, 0.617453, 0.582186, 0.69485, 0.848172, 0.757028, 0.745289, 0.685019, 0.808503, 0.586682, 0.602875, 0.706131, 0.698859, 0.53398, 0.356611, 0.178842, 0.187219, 0.166347, 0.181344, 0.170102, 0.160478, 0.203214, 0.198362, 0.125295, 0.107095, 0.051462, 0.020419, 0.008714, 0.003809]}