{"segments": 64, "data": [0.009481, 0.352598, 0.337746, 0.323637, 0.324105, 0.368118, 0.341867, 0.459891, 0.745873, 0.451273, 0.622705, 0.739458, 0.498822, 0.426545, 0.58593, 0.6273, 0.712056, 0.775489, 0.48547, 0.613876, 0.617054, 0.554428, 0.361614, 0.293999, 0.304476, 0.363285, 0.29638, 0.286607, 0.308968, 0.265486, 0.404319, 0.402213, 0.342894, 0.296289, 0.29294, 0.521893, 0.757253, 0.756214, 0.610368, 0.423007, 0.693352, 0.707938, 0.528106, 0.734883, 0.57564, 1.0, 0.853403, 0.54711, 0.324095, 0.344784, 0.413818, 0.403972, 0.507269, 0.40518, 0.52577, 0.532609, 0.512712, 0.557383, 0.479032, 0.523745, 0.363072, 0.315917, 0.022559, 0.001005]}