{"segments": 64, "data": [0.008504, 0.059297, 0.059005, 0.063335, 0.082427, 0.148271, 0.133008, 0.150719, 0.171345, 0.16255, 0.143226, 0.14451, 0.252563, 0.425186, 0.45123, 0.581034, 0.490681, 0.494852, 0.476995, 0.680118, 0.703609, 0.639447, 0.735953, 0.78391, 0.668552, 0.679454, 0.768473, 0.719042, 0.705403, 0.615561, 0.596921, 0.510483, 0.581146, 0.313066, 0.723777, 0.747335, 0.531267, 0.69286, 0.605405, 0.717546, 0.59017, 0.797604, 0.461498, 0.544058, 0.476612, 0.820359, 1.0, 0.637212, 0.719547, 0.670406, 0.568211, 0.741747, 0.644326, 0.450415, 0.472015, 0.267182, 0.14555, 0.156158, 0.178345, 0.308055, 0.299565, 0.004082, 0.000645, 0.0]}